PepID,DRAMP_ID,Peptide Name,Query
6,DRAMP00068,Aureocin A53 (Bacteriocin),"""Aureocin A53""[All Fields] AND
biofilm[All Fields]"
21,DRAMP00177,"Enterocin B (EntB;
Bacteriocin)","""Enterocin B""[All Fields] AND
biofilm[All Fields]"
22,DRAMP00178,"Enterocin EJ97 (EntEJ97;
Bacteriocin)","""Enterocin EJ97""[All Fields]
AND biofilm[All Fields]"
33,DRAMP00275,"Snakin-1 (StSN1; Cys-rich;
Plant defensin)","""Snakin-1""[All Fields] AND
biofilm[All Fields]"
43,DRAMP00425,"Tn-AFP1 (Trapa natans
antifungal peptide; Plant
defensin)","""Tn-AFP1""[All Fields] AND
biofilm[All Fields]"
55,DRAMP00856,Kalata-B1 (Plant defensin),"""Kalata-B1""[All Fields] AND
biofilm[All Fields]"
61,DRAMP00933,"Antimicrobial peptide 1
(AMP1; MiAMP1; Plant
defensin)","""Antimicrobial peptide 1""[All
Fields] AND biofilm[All Fields]"
64,DRAMP01016,"Antimicrobial peptide 1 (MJ-
AMP1; Plant defensin)","""Antimicrobial peptide 1""[All
Fields] AND biofilm[All Fields]"
67,DRAMP01061,"Antifungal peptide (Cm-p1;
Plants)","""Antifungal peptide""[All Fields]
AND biofilm[All Fields]"
94,DRAMP01152,"Uperin-3.6 (toads,
amphibians, animals)","""Uperin-3.6""[All Fields] AND
biofilm[All Fields]"
99,DRAMP01163,"Buforin-2 (Buforin II;
Fragment of Histone H2A;
toads, amphibians,
animals)","""Buforin-2""[All Fields] AND
biofilm[All Fields]"
107,DRAMP01184,"SPX(1-22)(truncated
peptide of Syphaxin; Frogs,
amphibians, animals)","""SPX""[All Fields] AND
biofilm[All Fields]"
108,DRAMP01185,"SPX(1-16)(truncated
peptide of Syphaxin; Frogs,
amphibians, animals)","""SPX""[All Fields] AND
biofilm[All Fields]"
154,DRAMP01288,"Phylloseptin-1 (PSN-1;
Frogs, amphibians,
animals)","""Phylloseptin-1""[All Fields] AND
biofilm[All Fields]"
155,DRAMP01301,"Phylloseptin-1 (PS-1;
Frogs, amphibians,
animals)","""Phylloseptin-1""[All Fields] AND
biofilm[All Fields]"
172,DRAMP01355,"Ranalexin (Frogs,
amphibians, animals)","""Ranalexin""[All Fields] AND
biofilm[All Fields]"
186,DRAMP00929,"Antimicrobial peptide 1 (Cn-
AMP1; Plant defensin)","""Antimicrobial peptide 1""[All
Fields] AND biofilm[All Fields]"
187,DRAMP03542,"Neurokinin A (NKA;
chicken, animals)","""Neurokinin A""[All Fields] AND
biofilm[All Fields]"
188,DRAMP04532,"Myxinidin (Hagfish,
animals)","""Myxinidin""[All Fields] AND
biofilm[All Fields]"
191,DRAMP02997,"Apidaecin-1B (Apidaecin
IB; Insects, animals)","""Apidaecin-1B""[All Fields] AND
biofilm[All Fields]"
193,DRAMP02840,"Lactoferricin B (Lfcin B;
mammals, animals)","""Lactoferricin B""[All Fields] AND
biofilm[All Fields]"
235,DRAMP18394,"NCR335 (nodule-specific
cysteine-rich peptides;
plants)","""NCR335""[All Fields] AND
biofilm[All Fields]"
285,DRAMP01513,"Esculentin-1 (Frogs,
amphibians, animals)","""Esculentin-1""[All Fields] AND
biofilm[All Fields]"
318,DRAMP01587,"Citropin-1.1 (Frogs,
amphibians, animals)","""Citropin-1.1""[All Fields] AND
biofilm[All Fields]"
329,DRAMP01607,"Aurein-1.2 (Frogs,
amphibians, animals)","""Aurein-1.2""[All Fields] AND
biofilm[All Fields]"
331,DRAMP01612,"Aurein-2.5 (Frogs,
amphibians, animals)","""Aurein-2.5""[All Fields] AND
biofilm[All Fields]"
353,DRAMP18386,"VK25 (histone derived;
reptiles; animals)","""VK25""[All Fields] AND
biofilm[All Fields]"
359,DRAMP01730,"Temporin-A (Frogs,
amphibians, animals)","""Temporin-A""[All Fields] AND
biofilm[All Fields]"
373,DRAMP01754,"Temporin-1CEb (Frogs,
amphibians, animals)","""Temporin-1CEb""[All Fields]
AND biofilm[All Fields]"
386,DRAMP01779,"Temporin-SHf (Frogs,
amphibians, animals)","""Temporin-SHf""[All Fields] AND
biofilm[All Fields]"
387,DRAMP01780,"Temporin-SHa (Temporin-
1Sa; Frogs, amphibians,
animals)","""Temporin-SHa""[All Fields] AND
biofilm[All Fields]"
414,DRAMP01847,"Ascaphin-8 (Frogs,
amphibians, animals)","""Ascaphin-8""[All Fields] AND
biofilm[All Fields]"
485,DRAMP02009,"Brevinin-1 (Frogs,
amphibians, animals)","""Brevinin-1""[All Fields] AND
biofilm[All Fields]"
486,DRAMP02010,"Brevinin-2 (Frogs,
amphibians, animals)","""Brevinin-2""[All Fields] AND
biofilm[All Fields]"
488,DRAMP18381,"H4-(86-100) (histone-
derived)","""H4-""[All Fields] AND biofilm[All
Fields]"
489,DRAMP18382,HNr (histone-derived),"""HNr""[All Fields] AND biofilm[All
Fields]"
542,DRAMP01746,"Temporin-L (Temporin-1Tl;
temporin-Tl; TL; Frogs,
amphibians, animals)","""Temporin-L""[All Fields] AND
biofilm[All Fields]"
551,DRAMP02125,"Hylin-a1 (Hy-a1; Frogs,
amphibians, animals)","""Hylin-a1""[All Fields] AND
biofilm[All Fields]"
555,DRAMP02130,"Antimicrobial peptide 1 (XT-
1; Frogs, amphibians,
animals)","""Antimicrobial peptide 1""[All
Fields] AND biofilm[All Fields]"
585,DRAMP03998,"PAF26 (Trp-rich;
combinatorial library)","""PAF26""[All Fields] AND
biofilm[All Fields]"
589,DRAMP02271,"Magainin-2 (Magainin II;
chain of Magainins; Frogs,
amphibians, animals)","""Magainin-2""[All Fields] AND
biofilm[All Fields]"
590,DRAMP02272,"PGLa (chain of
PYLa/PGLa A; Frogs,
amphibians, animals)","""PGLa""[All Fields] AND
biofilm[All Fields]"
616,DRAMP02314,"Hepcidin (fish, chordates,
animals)","""Hepcidin""[All Fields] AND
biofilm[All Fields]"
617,DRAMP02315,"Chrysophsin-1 (fish,
chordates, animals)","""Chrysophsin-1""[All Fields] AND
biofilm[All Fields]"
624,DRAMP02330,"Piscidin-1 (Pis-1; Piscidin
1; fish, chordates, animals)","""Piscidin-1""[All Fields] AND
biofilm[All Fields]"
631,DRAMP02350,"Pleurocidin (NRC-4; fish,
chordates, animals)","""Pleurocidin""[All Fields] AND
biofilm[All Fields]"
633,DRAMP02352,"NRC-16 (fish, chordates,
animals)","""NRC-16""[All Fields] AND
biofilm[All Fields]"
682,DRAMP02441,Gramicidin S (GS),"""Gramicidin S""[All Fields] AND
biofilm[All Fields]"
685,DRAMP02449,Lectin,"""Lectin""[All Fields] AND
biofilm[All Fields]"
686,DRAMP02456,"L-amino-acid oxidase
(LAAO; LAO; Dactylomelin-
P)","""L-amino-acid oxidase""[All
Fields] AND biofilm[All Fields]"
687,DRAMP02470,"Nosiheptide (NOS;
Antibiotic 9671-RP)","""Nosiheptide""[All Fields] AND
biofilm[All Fields]"
688,DRAMP02473,"Cathelicidin-BF
(Cathelicidin-related
protein; Snakes, reptiles,
animals)","""Cathelicidin-BF""[All Fields]
AND biofilm[All Fields]"
690,DRAMP02478,"L-amino-acid oxidase (Bm-
LAO; LAAO; LAO; Snakes,
reptiles, animals)","""L-amino-acid oxidase""[All
Fields] AND biofilm[All Fields]"
691,DRAMP02520,"OH-CATH (Snakes,
reptiles, animals)","""OH-CATH""[All Fields] AND
biofilm[All Fields]"
692,DRAMP02522,"L-amino-acid oxidase
(LAAO, LAO, Oh-LAAO;
Snakes, reptiles, animals)","""L-amino-acid oxidase""[All
Fields] AND biofilm[All Fields]"
710,DRAMP02778,"Defensin (Insects, animals)","""Defensin""[All Fields] AND
biofilm[All Fields]"
724,DRAMP02845,"CP-11 (cathelicidin;
mammals, animals)","""CP-11""[All Fields] AND
biofilm[All Fields]"
749,DRAMP02912,"SMAP-29 (Cathelin-related
peptide SC5; Myeloid
antibacterial peptide MAP-
29; mammals, animals)","""SMAP-29""[All Fields] AND
biofilm[All Fields]"
755,DRAMP02925,"Cathelicidin (dogs,
mammals, animals)","""Cathelicidin""[All Fields] AND
biofilm[All Fields]"
772,DRAMP02966,"DBI(32-86) (pigs,
mammals, animals)","""DBI""[All Fields] AND biofilm[All
Fields]"
773,DRAMP02970,"Protegrin-1 (Protegrin 1;
PG-1; pigs, mammals,
animals)","""Protegrin-1""[All Fields] AND
biofilm[All Fields]"
784,DRAMP03001,"Jellein-3 (Jelleine-III;
Insects, animals)","""Jellein-3""[All Fields] AND
biofilm[All Fields]"
785,DRAMP03002,"Melittin (Allergen Api m 3;
Allergen Api m III; Insects,
animals)","""Melittin""[All Fields] AND
biofilm[All Fields]"
792,DRAMP03028,"Mastoparan-1 (MP-1;
Venom protein MP-1;
Insects, animals)","""Mastoparan-1""[All Fields] AND
biofilm[All Fields]"
804,DRAMP03044,"Protonectin (Agelaia-
chemotactic peptide,
Agelaia-CP; Insects,
animals)","""Protonectin""[All Fields] AND
biofilm[All Fields]"
815,DRAMP03057,"Thanatin (Insects, animals)","""Thanatin""[All Fields] AND
biofilm[All Fields]"
817,DRAMP03069,"Diptericin (Insects,
animals)","""Diptericin""[All Fields] AND
biofilm[All Fields]"
823,DRAMP18495,"Gomesin (Gm; Spiders,
arachnids, Chelicerata,
arthropods, invertebrates,
animals)","""Gomesin""[All Fields] AND
biofilm[All Fields]"
830,DRAMP03138,"Cecropin-A (Insects,
animals)","""Cecropin-A""[All Fields] AND
biofilm[All Fields]"
835,DRAMP03166,"P15 (deer beta-defensin;
ruminant, animals)","""P15""[All Fields] AND biofilm[All
Fields]"
838,DRAMP03176,"Cecropin-P1 (CP1;
nematodes, animals)","""Cecropin-P1""[All Fields] AND
biofilm[All Fields]"
841,DRAMP03187,"Beta defensin 1(BD-1;
mammals, animals)","""Beta defensin 1""[All Fields]
AND biofilm[All Fields]"
846,DRAMP03215,"Gomesin (Gm; spiders,
Arthropods, animals)","""Gomesin""[All Fields] AND
biofilm[All Fields]"
887,DRAMP03507,"Cecropin-B (Insects,
animals)","""Cecropin-B""[All Fields] AND
biofilm[All Fields]"
902,DRAMP03528,"Defensin (Galiomicin;
Insects, animals)","""Defensin""[All Fields] AND
biofilm[All Fields]"
904,DRAMP03539,"Antifungal protein (Psc-
AFP)","""Antifungal protein""[All Fields]
AND biofilm[All Fields]"
908,DRAMP03567,"KR-20 (Derived from LL-
37)","""KR-20""[All Fields] AND
biofilm[All Fields]"
910,DRAMP03569,"KS-30 (Derived from LL-
37)","""KS-30""[All Fields] AND
biofilm[All Fields]"
913,DRAMP03573,"LL-37(13-37)(C-terminal
fragment of LL-37; Human,
mammals, animals)","""LL-37""[All Fields] AND
biofilm[All Fields]"
914,DRAMP03574,"LL-37(17-32)(C-terminal
fragment of LL-37; Human,
mammals, animals)","""LL-37""[All Fields] AND
biofilm[All Fields]"
915,DRAMP03598,"Human beta-defensin 2
(hBD-2; Defensin, beta 2;
Beta-defensin 4A; Human,
mammals, animals)","""Human beta-defensin 2""[All
Fields] AND biofilm[All Fields]"
916,DRAMP03599,"Human beta-defensin 3
(BD-3, hBD-3; Hbd3; Beta-
defensin 103; Human,
mammals, animals)","""Human beta-defensin 3""[All
Fields] AND biofilm[All Fields]"
921,DRAMP03645,"Cathelicidin-2 (CATH-2;
Fowlicidin-2; Birds,
animals)","""Cathelicidin-2""[All Fields] AND
biofilm[All Fields]"
927,DRAMP03679,"Cathelicidin-2 (Bactenecin-
5, Bac5; ChBac5;
ruminant, animals)","""Cathelicidin-2""[All Fields] AND
biofilm[All Fields]"
938,DRAMP03706,"Antimicrobial peptide 1
(AamAP1; Arthropods,
animals)","""Antimicrobial peptide 1""[All
Fields] AND biofilm[All Fields]"
949,DRAMP02828,"BMAP-34 (BMAP 34,
bovine cathelicidin, cattle,
ruminant, mammals,
animals)","""BMAP-34""[All Fields] AND
biofilm[All Fields]"
950,DRAMP02926,"Tachyplesin I (Tac; TP1;
Horseshoe Crab,
arachnids, Chelicerata,
arthropods, invertebrates,
animals)","""Tachyplesin I""[All Fields] AND
biofilm[All Fields]"
986,DRAMP03859,"W10 (Bac2A variant
through single amino acid
substitution)","""W10""[All Fields] AND
biofilm[All Fields]"
987,DRAMP03860,"R11 (Bac2A variant
through single amino acid
substitution)","""R11""[All Fields] AND biofilm[All
Fields]"
988,DRAMP03861,"G12 (Bac2A variant
through single amino acid
substitution)","""G12""[All Fields] AND biofilm[All
Fields]"
995,DRAMP03868,Bac8c (Bac2A variant),"""Bac8c""[All Fields] AND
biofilm[All Fields]"
997,DRAMP03870,"Bac2A (a linear variant of
bovine dodecapeptide)","""Bac2A""[All Fields] AND
biofilm[All Fields]"
1006,DRAMP03882,"LFC (fragment of mature
caprine lactoferrin,
residues 17 to 31)","""LFC""[All Fields] AND biofilm[All
Fields]"
1037,DRAMP03920,"Cecropin A (1-8)-melittin (1-
13)hybrid peptide","""Cecropin A""[All Fields] AND
biofilm[All Fields]"
1038,DRAMP03921,"Cecropin A (1-8)-melittin (1-
18)hybrid peptide","""Cecropin A""[All Fields] AND
biofilm[All Fields]"
1039,DRAMP03922,"Cecropin A (1-8)-melittin (1-
12)hybrid peptide","""Cecropin A""[All Fields] AND
biofilm[All Fields]"
1040,DRAMP03923,"Cecropin A (1-8)-melittin (1-
10)hybrid peptide","""Cecropin A""[All Fields] AND
biofilm[All Fields]"
1041,DRAMP03924,"Cecropin A (1-7)-melittin (1-
8)hybrid peptide","""Cecropin A""[All Fields] AND
biofilm[All Fields]"
1042,DRAMP03925,"Cecropin A (1-7)-melittin (3-
10)hybrid peptide","""Cecropin A""[All Fields] AND
biofilm[All Fields]"
1043,DRAMP03927,"Cecropin A (1-7)-melittin (2-
9)hybrid peptide","""Cecropin A""[All Fields] AND
biofilm[All Fields]"
1044,DRAMP03928,"Cecropin A (1-7)-melittin (4-
11)hybrid peptide (CAM)","""Cecropin A""[All Fields] AND
biofilm[All Fields]"
1045,DRAMP03929,"Cecropin A (1-7)-melittin (5-
12)hybrid peptide","""Cecropin A""[All Fields] AND
biofilm[All Fields]"
1046,DRAMP03930,"Cecropin A (1-7)-melittin (6-
13)hybrid peptide","""Cecropin A""[All Fields] AND
biofilm[All Fields]"
1054,DRAMP03939,"G20R (truncated isoform of
thanatin, residue 1-20)","""G20R""[All Fields] AND
biofilm[All Fields]"
1057,DRAMP03948,Del 1 (Ranalexin analog),"""Del 1""[All Fields] AND
biofilm[All Fields]"
1065,DRAMP03967,"P18 (Cecropin A(1-8)-
Magainin 2(1-12) hybrid
peptide analogue)","""P18""[All Fields] AND biofilm[All
Fields]"
1068,DRAMP03970,N-1 (analog of P18),"""N-1""[All Fields] AND biofilm[All
Fields]"
1069,DRAMP03971,N-2 (analog of P18),"""N-2""[All Fields] AND biofilm[All
Fields]"
1070,DRAMP03972,N-3 (analog of P18),"""N-3""[All Fields] AND biofilm[All
Fields]"
1071,DRAMP03973,N-4 (analog of P18),"""N-4""[All Fields] AND biofilm[All
Fields]"
1072,DRAMP03974,N-5 (analog of P18),"""N-5""[All Fields] AND biofilm[All
Fields]"
1076,DRAMP03978,C-1 (analog of P18),"""C-1""[All Fields] AND biofilm[All
Fields]"
1077,DRAMP03979,C-2 (analog of P18),"""C-2""[All Fields] AND biofilm[All
Fields]"
1078,DRAMP03980,C-3 (analog of P18),"""C-3""[All Fields] AND biofilm[All
Fields]"
1079,DRAMP03981,C-4 (analog of P18),"""C-4""[All Fields] AND biofilm[All
Fields]"
1080,DRAMP03982,C-5 (analog of P18),"""C-5""[All Fields] AND biofilm[All
Fields]"
1081,DRAMP03983,C-6 (analog of P18),"""C-6""[All Fields] AND biofilm[All
Fields]"
1082,DRAMP03984,C-7 (analog of P18),"""C-7""[All Fields] AND biofilm[All
Fields]"
1083,DRAMP03985,C-8 (analog of P18),"""C-8""[All Fields] AND biofilm[All
Fields]"
1084,DRAMP03986,C-9 (analog of P18),"""C-9""[All Fields] AND biofilm[All
Fields]"
1085,DRAMP03987,C-10 (analog of P18),"""C-10""[All Fields] AND
biofilm[All Fields]"
1116,DRAMP04025,"R10 (single amino acid
substitution of Bac034,
which is a scrambled
Variant of Bac2A)","""R10""[All Fields] AND biofilm[All
Fields]"
1117,DRAMP04026,"K12 (single amino acid
substitution of Bac034,
which is a scrambled
Variant of Bac2A)","""K12""[All Fields] AND biofilm[All
Fields]"
1118,DRAMP04027,"opt1 (multiple amino acid
substitution of Bac034,
which is a scrambled
Variant of Bac2A)","""opt1""[All Fields] AND
biofilm[All Fields]"
1119,DRAMP04028,"opt2 (multiple amino acid
substitution of Bac034,
which is a scrambled
Variant of Bac2A)","""opt2""[All Fields] AND
biofilm[All Fields]"
1169,DRAMP04102,CP-P,"""CP-P""[All Fields] AND
biofilm[All Fields]"
1170,DRAMP04103,S16 (derivative of CP-P),"""S16""[All Fields] AND biofilm[All
Fields]"
1177,DRAMP04112,L10 (derivative of CP-P),"""L10""[All Fields] AND biofilm[All
Fields]"
1178,DRAMP04113,A10 (derivative of CP-P),"""A10""[All Fields] AND biofilm[All
Fields]"
1179,DRAMP04114,D11 (derivative of CP-P),"""D11""[All Fields] AND biofilm[All
Fields]"
1180,DRAMP04115,K11 (derivative of CP-P),"""K11""[All Fields] AND biofilm[All
Fields]"
1181,DRAMP04117,A13 (derivative of CP-P),"""A13""[All Fields] AND biofilm[All
Fields]"
1182,DRAMP04119,K17 (derivative of CP-P),"""K17""[All Fields] AND biofilm[All
Fields]"
1183,DRAMP04120,D18 (derivative of CP-P),"""D18""[All Fields] AND biofilm[All
Fields]"
1204,DRAMP04147,L10,"""L10""[All Fields] AND biofilm[All
Fields]"
1228,DRAMP04184,DFTamP1,"""DFTamP1""[All Fields] AND
biofilm[All Fields]"
1241,DRAMP04233,"D28 (Rational design
peptide)","""D28""[All Fields] AND biofilm[All
Fields]"
1243,DRAMP04235,"D22 (Rational design
peptide)","""D22""[All Fields] AND biofilm[All
Fields]"
1246,DRAMP04241,Synthetic 2,"""Synthetic 2""[All Fields] AND
biofilm[All Fields]"
1247,DRAMP04242,Synthetic 3,"""Synthetic 3""[All Fields] AND
biofilm[All Fields]"
1248,DRAMP04243,Synthetic 4,"""Synthetic 4""[All Fields] AND
biofilm[All Fields]"
1250,DRAMP04264,CP26,"""CP26""[All Fields] AND
biofilm[All Fields]"
1268,DRAMP04376,MP-1 (MP analog),"""MP-1""[All Fields] AND
biofilm[All Fields]"
1273,DRAMP04381,PMM-2 (PMM analog),"""PMM-2""[All Fields] AND
biofilm[All Fields]"
1301,DRAMP00004,Lantibiotic (Bacteriocin),"""Lantibiotic""[All Fields] AND
biofilm[All Fields]"
1319,DRAMP00024,"CylLS (a structural subunit
of cytolysin; Bacteriocin)","""CylLS""[All Fields] AND
biofilm[All Fields]"
1320,DRAMP00025,"CylLL (a structural subunit
of cytolysin; Bacteriocin)","""CylLL""[All Fields] AND
biofilm[All Fields]"
1321,DRAMP00026,"Salivaricin A (SalA;
Bacteriocin; Preclinical)","""Salivaricin A""[All Fields] AND
biofilm[All Fields]"
1325,DRAMP18349,Siamycin I (Bacteriocin),"""Siamycin I""[All Fields] AND
biofilm[All Fields]"
1330,DRAMP00036,"Nisin A (Bacteriocin;
Preclinical)","""Nisin A""[All Fields] AND
biofilm[All Fields]"
1331,DRAMP00037,"Nisin Z (Bacteriocin;
Preclinical)","""Nisin Z""[All Fields] AND
biofilm[All Fields]"
1333,DRAMP00039,Pep5 (Bacteriocin),"""Pep5""[All Fields] AND
biofilm[All Fields]"
1334,DRAMP00040,"Gallidermin (Bacteriocin;
Preclinical)","""Gallidermin""[All Fields] AND
biofilm[All Fields]"
1335,DRAMP00041,"Mutacin-1140 (Mutacin III;
Bacteriocin)","""Mutacin-1140""[All Fields] AND
biofilm[All Fields]"
1339,DRAMP18347,Siamycin(Bacteriocin),"""Siamycin""[All Fields] AND
biofilm[All Fields]"
1345,DRAMP00051,Mutacin I (Bacteriocin),"""Mutacin I""[All Fields] AND
biofilm[All Fields]"
1356,DRAMP00066,Lacticin Q (Bacteriocin),"""Lacticin Q""[All Fields] AND
biofilm[All Fields]"
1358,DRAMP00070,Laterosporulin (Bacteriocin),"""Laterosporulin""[All Fields] AND
biofilm[All Fields]"
1372,DRAMP00085,Bacteriocin,"""Bacteriocin""[All Fields] AND
biofilm[All Fields]"
1381,DRAMP00096,"Pediocin PA-1 (Pediocin
ACH; Bacteriocin)","""Pediocin PA-1""[All Fields] AND
biofilm[All Fields]"
1385,DRAMP00101,"Sakacin P (Sakacin 674;
Pediocin-like peptide;
Bacteriocin)","""Sakacin P""[All Fields] AND
biofilm[All Fields]"
1392,DRAMP00113,"Enterocin A (EntA;
Pediocin-like peptide;
Bacteriocin)","""Enterocin A""[All Fields] AND
biofilm[All Fields]"
1395,DRAMP18340,Daptomycin(Bacteriocin),"""Daptomycin""[All Fields] AND
biofilm[All Fields]"
1409,DRAMP00143,"Plantaricin-A (PlnA;
Bacteriocin)","""Plantaricin-A""[All Fields] AND
biofilm[All Fields]"
1418,DRAMP00153,"NlmA (chain a of Mutacin
IV; Bacteriocin)","""NlmA""[All Fields] AND
biofilm[All Fields]"
1419,DRAMP00154,"NlmB (chain b of Mutacin
IV; Bacteriocin)","""NlmB""[All Fields] AND
biofilm[All Fields]"
1421,DRAMP00156,"BrcB (NKR-5-3A; chain b
of Brochocin C;
Bacteriocin)","""BrcB""[All Fields] AND
biofilm[All Fields]"
1425,DRAMP00160,"ThmA (chain a of
Thermophilin 13;
Bacteriocin)","""ThmA""[All Fields] AND
biofilm[All Fields]"
1430,DRAMP00165,"Gassericin A (GaaA;
Bacteriocin)","""Gassericin A""[All Fields] AND
biofilm[All Fields]"
1432,DRAMP00167,"Subtilosin A (Antilisterial
bacteriocin subtilosin; D-
amino acid; Bacteriocin;
Preclinical)","""Subtilosin A""[All Fields] AND
biofilm[All Fields]"
1434,DRAMP00169,"Enterocin AS-48 (AS-48;
Bacteriocin)","""Enterocin AS-48""[All Fields]
AND biofilm[All Fields]"
1447,DRAMP00185,"Leucocin-B (Leu B;
Leucocin B-TA33a;
Bacteriocin)","""Leucocin-B""[All Fields] AND
biofilm[All Fields]"
1454,DRAMP00195,"Colicin-V (Microcin-V;
Bacteriocin)","""Colicin-V""[All Fields] AND
biofilm[All Fields]"
1457,DRAMP00198,"Microcin H47 (MccH47;
Bacteriocin)","""Microcin H47""[All Fields] AND
biofilm[All Fields]"
1460,DRAMP00202,Thiocillin (Bacteriocin),"""Thiocillin""[All Fields] AND
biofilm[All Fields]"
1463,DRAMP00206,Acidocin A (Bacteriocin),"""Acidocin A""[All Fields] AND
biofilm[All Fields]"
1474,DRAMP00217,Bacteriocin,"""Bacteriocin""[All Fields] AND
biofilm[All Fields]"
1479,DRAMP00224,BTL (Bacteriocin),"""BTL""[All Fields] AND biofilm[All
Fields]"
1489,DRAMP00235,AFP1 (Bacteriocin),"""AFP1""[All Fields] AND
biofilm[All Fields]"
1497,DRAMP00245,"Gramicidin A (GA;
Nonribosomally
synthesized bacteriocin)","""Gramicidin A""[All Fields] AND
biofilm[All Fields]"
1500,DRAMP00248,"Glycocin F (GccF; S-
glycosylated bacteriocin)","""Glycocin F""[All Fields] AND
biofilm[All Fields]"
1507,DRAMP00262,Cyanovirin-N (CV-N),"""Cyanovirin-N""[All Fields] AND
biofilm[All Fields]"
1516,DRAMP00272,"Thaumatin-like protein
(Plants)","""Thaumatin-like protein""[All
Fields] AND biofilm[All Fields]"
1517,DRAMP00273,"Thaumatin-like protein
(Plants)","""Thaumatin-like protein""[All
Fields] AND biofilm[All Fields]"
1523,DRAMP00280,"Trypsin inhibitor (FtTI;
Plant defensin)","""Trypsin inhibitor""[All Fields]
AND biofilm[All Fields]"
1540,DRAMP00299,Ribonuclease (Plants),"""Ribonuclease""[All Fields] AND
biofilm[All Fields]"
1558,DRAMP00319,"Endochitinase (Plant
defensin)","""Endochitinase""[All Fields] AND
biofilm[All Fields]"
1567,DRAMP00330,"Pathogenesis-related
protein (PR-1; Plant
defensin)","""Pathogenesis-related
protein""[All Fields] AND
biofilm[All Fields]"
1568,DRAMP00331,"Pathogenesis-related
protein (PRP; Plant
defensin)","""Pathogenesis-related
protein""[All Fields] AND
biofilm[All Fields]"
1569,DRAMP00332,"Pathogenesis-related
protein (Plant defensin)","""Pathogenesis-related
protein""[All Fields] AND
biofilm[All Fields]"
1600,DRAMP00382,"Datucin (Glycopeptide;
Plants)","""Datucin""[All Fields] AND
biofilm[All Fields]"
1601,DRAMP00383,"Antimicrobial peptide 1 (Mc-
AMP1; knottin-type
peptide; Plant defensin)","""Antimicrobial peptide 1""[All
Fields] AND biofilm[All Fields]"
1603,DRAMP00387,"Antimicrobial peptide 1
(EcAMP1; hairpin-like
peptides; Plants)","""Antimicrobial peptide 1""[All
Fields] AND biofilm[All Fields]"
1608,DRAMP00392,"Antimicrobial peptide 1
(ToAMP1; Cys-rich; Plant
defensin)","""Antimicrobial peptide 1""[All
Fields] AND biofilm[All Fields]"
1851,DRAMP18327,Sil(Bacteriocin),"""Sil""[All Fields] AND biofilm[All
Fields]"
1957,DRAMP00751,Defensin-2 (Plant defensin),"""Defensin-2""[All Fields] AND
biofilm[All Fields]"
1985,DRAMP18196,Esculentin-1A,"""Esculentin-1A""[All Fields] AND
biofilm[All Fields]"
2009,DRAMP18323,Nukacin ISK-1(Bacteriocin),"""Nukacin ISK-1""[All Fields] AND
biofilm[All Fields]"
2068,DRAMP00932,"Antimicrobial peptide 1
(PMAP1; Plant defensin)","""Antimicrobial peptide 1""[All
Fields] AND biofilm[All Fields]"
2080,DRAMP18321,"Epidermicin
NI01(Bacteriocin)","""Epidermicin NI01""[All Fields]
AND biofilm[All Fields]"
2086,DRAMP00976,"Antimicrobial peptide 1 (AC-
AMP1; Plant defensin)","""Antimicrobial peptide 1""[All
Fields] AND biofilm[All Fields]"
2109,DRAMP00999,Plectasin (fungal defensin),"""Plectasin""[All Fields] AND
biofilm[All Fields]"
2153,DRAMP01050,"Sd1 (sugarcane defensin 1;
Plant defensin)","""Sd1""[All Fields] AND biofilm[All
Fields]"
2156,DRAMP01053,"Thaumatin-like protein
(CdTLP; Plants)","""Thaumatin-like protein""[All
Fields] AND biofilm[All Fields]"
2161,DRAMP01058,Antifungal protein (Plants),"""Antifungal protein""[All Fields]
AND biofilm[All Fields]"
2204,DRAMP01127,"Maximin-H5 (toads,
amphibians, animals)","""Maximin-H5""[All Fields] AND
biofilm[All Fields]"
2285,DRAMP18404,"Polybia-MPII (mastoparan;
insects, arthropods,
invertebrates, animals)","""Polybia-MPII""[All Fields] AND
biofilm[All Fields]"
2302,DRAMP01289,"Phylloseptin-1 (PStar 01;
Frogs, amphibians,
animals)","""Phylloseptin-1""[All Fields] AND
biofilm[All Fields]"
2325,DRAMP01318,"Antimicrobial peptide 1
(Frogs, amphibians,
animals)","""Antimicrobial peptide 1""[All
Fields] AND biofilm[All Fields]"
2380,DRAMP18313,Sclerosin(Bacteriocin),"""Sclerosin""[All Fields] AND
biofilm[All Fields]"
2382,DRAMP01489,"Esculentin-1A (Frogs,
amphibians, animals)","""Esculentin-1A""[All Fields] AND
biofilm[All Fields]"
2387,DRAMP01514,"Esculentin-1 (Frogs,
amphibians, animals)","""Esculentin-1""[All Fields] AND
biofilm[All Fields]"
2389,DRAMP01744,"Temporin-G (Frogs,
amphibians, animals)","""Temporin-G""[All Fields] AND
biofilm[All Fields]"
2436,DRAMP01609,"Aurein-2.2 (Frogs,
amphibians, animals)","""Aurein-2.2""[All Fields] AND
biofilm[All Fields]"
2455,DRAMP01642,"Dermaseptin-4 (DShypo04;
Frogs, amphibians,
animals)","""Dermaseptin-4""[All Fields] AND
biofilm[All Fields]"
2475,DRAMP01671,"Dermaseptin-4 (DS IV;
Dermaseptin-S4, DS4;
Frogs, amphibians,
animals)","""Dermaseptin-4""[All Fields] AND
biofilm[All Fields]"
2480,DRAMP01676,"Dermaseptin-4 (DStar 04;
Frogs, amphibians,
animals)","""Dermaseptin-4""[All Fields] AND
biofilm[All Fields]"
2498,DRAMP18305,Paenibacterin (Bacteriocin),"""Paenibacterin""[All Fields] AND
biofilm[All Fields]"
2530,DRAMP02857,"Indolicidin (Cathelicidin-4;
mammals, animals)","""Indolicidin""[All Fields] AND
biofilm[All Fields]"
2532,DRAMP02819,"Anoplin (Insects,
arthropods, invertebrates,
animals)","""Anoplin""[All Fields] AND
biofilm[All Fields]"
2533,DRAMP04395,"EP3 (Earthworm,animals)","""EP3""[All Fields] AND biofilm[All
Fields]"
2534,DRAMP04394,"EP2 (Earthworm,animals)","""EP2""[All Fields] AND biofilm[All
Fields]"
2554,DRAMP01793,"Temporin-1OLa (Temporin
1OLa; Frogs, amphibians,
animals)","""Temporin-1OLa""[All Fields]
AND biofilm[All Fields]"
2556,DRAMP01795,"Temporin-1Ga (Frogs,
amphibians, animals)","""Temporin-1Ga""[All Fields] AND
biofilm[All Fields]"
2666,DRAMP18288,Sln1 (Bacteriocin),"""Sln1""[All Fields] AND
biofilm[All Fields]"
2671,DRAMP18284,Reutericin 6 (Bacteriocin),"""Reutericin 6""[All Fields] AND
biofilm[All Fields]"
2689,DRAMP18279,Plantaricin A(Bacteriocin),"""Plantaricin A""[All Fields] AND
biofilm[All Fields]"
2698,DRAMP01110,"Maximin-4 (Toads,
amphibians, animals)","""Maximin-4""[All Fields] AND
biofilm[All Fields]"
2741,DRAMP02159,"Melittin-related peptide
(Frogs, amphibians,
animals)","""Melittin-related peptide""[All
Fields] AND biofilm[All Fields]"
2819,DRAMP02285,"Pseudin-2 (Pseudin 2;
Frogs, amphibians,
animals)","""Pseudin-2""[All Fields] AND
biofilm[All Fields]"
2831,DRAMP02311,"Lysozyme (1,4-beta-N-
acetylmuramidase; starfish,
chordates, animals)","""Lysozyme""[All Fields] AND
biofilm[All Fields]"
2841,DRAMP02332,"Piscidin-3 (Pis-3; fish,
chordates, animals)","""Piscidin-3""[All Fields] AND
biofilm[All Fields]"
2842,DRAMP02333,"Piscidin-4 (Pis-4; fish,
chordates, animals)","""Piscidin-4""[All Fields] AND
biofilm[All Fields]"
2843,DRAMP02334,"Hepcidin (fish, chordates,
animals)","""Hepcidin""[All Fields] AND
biofilm[All Fields]"
2845,DRAMP02338,"Beta-defensin 1 (fish,
chordates, animals)","""Beta-defensin 1""[All Fields]
AND biofilm[All Fields]"
2877,DRAMP02408,2S albumin (To-A1),"""2S albumin""[All Fields] AND
biofilm[All Fields]"
2882,DRAMP02417,"Defensin (Ticks,
Arthropods, animals)","""Defensin""[All Fields] AND
biofilm[All Fields]"
2885,DRAMP02424,"Defensin (Ticks,
Arthropods, animals)","""Defensin""[All Fields] AND
biofilm[All Fields]"
2886,DRAMP02426,"Defensin (Varisin A1;
Ticks, Arthropods, animals)","""Defensin""[All Fields] AND
biofilm[All Fields]"
2888,DRAMP02435,"Antifungal protein (PgAFP;
Cys-rich)","""Antifungal protein""[All Fields]
AND biofilm[All Fields]"
2889,DRAMP02436,Chitinase,"""Chitinase""[All Fields] AND
biofilm[All Fields]"
2898,DRAMP02450,"Lysozyme C (1,4-beta-N-
acetylmuramidase C)","""Lysozyme C""[All Fields] AND
biofilm[All Fields]"
2899,DRAMP02451,"Lysozyme C (1,4-beta-N-
acetylmuramidase C)","""Lysozyme C""[All Fields] AND
biofilm[All Fields]"
2900,DRAMP02452,Lysozyme,"""Lysozyme""[All Fields] AND
biofilm[All Fields]"
2903,DRAMP02455,"L-amino-acid oxidase (ACL-
LAO; LAAO; LAO)","""L-amino-acid oxidase""[All
Fields] AND biofilm[All Fields]"
2904,DRAMP02457,"L-amino-acid oxidase (Balt-
LAAO-I; LAAO; LAO;
snakes, reptils, animals)","""L-amino-acid oxidase""[All
Fields] AND biofilm[All Fields]"
2905,DRAMP02458,"L-amino-acid oxidase
(BiLAO; LAAO; LAO;
snakes, reptils, animals)","""L-amino-acid oxidase""[All
Fields] AND biofilm[All Fields]"
2906,DRAMP02459,"L-amino-acid oxidase
(BjarLAAO-I; LAAO; LAO;
snakes, reptils, animals)","""L-amino-acid oxidase""[All
Fields] AND biofilm[All Fields]"
2907,DRAMP02460,"L-amino-acid oxidase
(LAAO; LAO; snakes,
reptils, animals)","""L-amino-acid oxidase""[All
Fields] AND biofilm[All Fields]"
2908,DRAMP02461,"L-amino-acid oxidase
(BmarLAAO; LAAO; LAO;
snakes, reptils, animals)","""L-amino-acid oxidase""[All
Fields] AND biofilm[All Fields]"
2909,DRAMP02462,"L-amino-acid oxidase
(LAAO; LAO; snakes,
reptils, animals)","""L-amino-acid oxidase""[All
Fields] AND biofilm[All Fields]"
2910,DRAMP02463,"L-amino-acid oxidase
(LAAO, LAO, LN-AAO;
Reptiles, animals)","""L-amino-acid oxidase""[All
Fields] AND biofilm[All Fields]"
2911,DRAMP02464,"L-amino-acid oxidase
(LAAO, LAO; reptilia,
animals)","""L-amino-acid oxidase""[All
Fields] AND biofilm[All Fields]"
2914,DRAMP02467,"L-amino-acid oxidase
(LAAO; LAO; Reptiles,
animals)","""L-amino-acid oxidase""[All
Fields] AND biofilm[All Fields]"
2917,DRAMP02471,"Thiostrepton (Alaninamide;
Bryamycin; Gargon;
Thiactin)","""Thiostrepton""[All Fields] AND
biofilm[All Fields]"
2947,DRAMP18259,"Enterocin O16
(Bacteriocin)","""Enterocin O16""[All Fields] AND
biofilm[All Fields]"
2948,DRAMP18355,Lacticin Z (bacteriocin),"""Lacticin Z""[All Fields] AND
biofilm[All Fields]"
2951,DRAMP02511,"Crotamine (defensin-like
toxin; Snakes, reptiles,
animals)","""Crotamine""[All Fields] AND
biofilm[All Fields]"
2952,DRAMP02512,"L-amino-acid oxidase
(Casca LAO, LAAO, LAO;
Snakes, reptiles, animals)","""L-amino-acid oxidase""[All
Fields] AND biofilm[All Fields]"
2953,DRAMP18398,"Um2 (scorpions, arachnids,
Chelicerata, arthropods,
invertebrates, animals)","""Um2""[All Fields] AND
biofilm[All Fields]"
3023,DRAMP02597,"Clavanin-A (His-rich;
chordates, animals)","""Clavanin-A""[All Fields] AND
biofilm[All Fields]"
3034,DRAMP02611,"Beta-defensin 1 (BD-1;
Defensin, beta 1; primates,
mammals, animals)","""Beta-defensin 1""[All Fields]
AND biofilm[All Fields]"
3037,DRAMP02615,"Beta-defensin 1 (BD-1;
Defensin, beta 1; primates,
mammals, animals)","""Beta-defensin 1""[All Fields]
AND biofilm[All Fields]"
3049,DRAMP02627,"Beta-defensin 1 (BD-1;
Defensin, beta 1; primates,
mammals, animals)","""Beta-defensin 1""[All Fields]
AND biofilm[All Fields]"
3050,DRAMP18250,Laterosporulin (Bacteriocin),"""Laterosporulin""[All Fields] AND
biofilm[All Fields]"
3065,DRAMP02642,"Rhesus theta-defensin 1
(RTD-1; primates,
mammals, animals)","""Rhesus theta-defensin 1""[All
Fields] AND biofilm[All Fields]"
3070,DRAMP02647,Beta-defensin 2,"""Beta-defensin 2""[All Fields]
AND biofilm[All Fields]"
3077,DRAMP02655,"Alpha defensin (primates,
mammals, animals)","""Alpha defensin""[All Fields]
AND biofilm[All Fields]"
3079,DRAMP02657,"Alpha-defensin 1
(primates, mammals,
animals)","""Alpha-defensin 1""[All Fields]
AND biofilm[All Fields]"
3080,DRAMP02658,"Alpha-defensin 6
(primates, mammals,
animals)","""Alpha-defensin 6""[All Fields]
AND biofilm[All Fields]"
3089,DRAMP02668,"Defensin-6 (Defensin,
alpha 6; primates,
mammals, animals)","""Defensin-6""[All Fields] AND
biofilm[All Fields]"
3092,DRAMP02671,"Beta-defensin 1 (BD-1;
primates, mammals,
animals)","""Beta-defensin 1""[All Fields]
AND biofilm[All Fields]"
3118,DRAMP02697,"Defensin-5 (Defensin,
alpha 5; primates,
mammals, animals)","""Defensin-5""[All Fields] AND
biofilm[All Fields]"
3131,DRAMP18241,Subtilomycin(Bacteriocin),"""Subtilomycin""[All Fields] AND
biofilm[All Fields]"
3133,DRAMP18238,Fengycin B(Bacteriocin),"""Fengycin B""[All Fields] AND
biofilm[All Fields]"
3134,DRAMP02713,"Hepcidin (primates,
mammals, animals)","""Hepcidin""[All Fields] AND
biofilm[All Fields]"
3143,DRAMP02722,"Beta-defensin 1 (BD-1;
Defensin, beta 1; primates,
mammals,animals)","""Beta-defensin 1""[All Fields]
AND biofilm[All Fields]"
3144,DRAMP18237,Fengycin A(Bacteriocin),"""Fengycin A""[All Fields] AND
biofilm[All Fields]"
3156,DRAMP02738,"Beta-defensin 1 (BD-1;
Defensin, beta 1; primates,
mammals, animals)","""Beta-defensin 1""[All Fields]
AND biofilm[All Fields]"
3167,DRAMP02750,"Defensin (ants, insects,
animals)","""Defensin""[All Fields] AND
biofilm[All Fields]"
3169,DRAMP02753,"Ponericin G1 (ants, insects,
animals)","""Ponericin G1""[All Fields] AND
biofilm[All Fields]"
3191,DRAMP02783,"Peptide C (Insects,
animals)","""Peptide C""[All Fields] AND
biofilm[All Fields]"
3204,DRAMP02796,"Defensin (Type 1
invertebrate defensin;
Insects, animals)","""Defensin""[All Fields] AND
biofilm[All Fields]"
3228,DRAMP02825,Catestatin,"""Catestatin""[All Fields] AND
biofilm[All Fields]"
3230,DRAMP02827,"BHP (pepsin-derived
bovine hemoglobin
fragment)","""BHP""[All Fields] AND
biofilm[All Fields]"
3237,DRAMP02836,"Cathelicidin antimicrobial
peptide (cathelicidin;
mammals, animals)","""Cathelicidin antimicrobial
peptide""[All Fields] AND
biofilm[All Fields]"
3246,DRAMP02852,"Cathelicidin-2 (Bactenecin-
5, Bac5; PR-42; mammals,
animals)","""Cathelicidin-2""[All Fields] AND
biofilm[All Fields]"
3253,DRAMP02876,"Alpha-melanocyte-
stimulating hormone (Alpha-
MSH; mammals, animals)","""Alpha-melanocyte-stimulating
hormone""[All Fields] AND
biofilm[All Fields]"
3276,DRAMP02902,"L-amino-acid oxidase
(LAAO, LAO; BpirLAAO-I;
reptilia, animals)","""L-amino-acid oxidase""[All
Fields] AND biofilm[All Fields]"
3279,DRAMP02908,"Beta-defensin 1 (BD-1;
sBD-1; mammals, animals)","""Beta-defensin 1""[All Fields]
AND biofilm[All Fields]"
3280,DRAMP02909,"Beta-defensin 2 (BD-2;
sBD-2; mammals, animals)","""Beta-defensin 2""[All Fields]
AND biofilm[All Fields]"
3282,DRAMP02915,"Cathelicidin-2 (Bactenecin-
5, Bac5; OaBac5;
mammals, animals)","""Cathelicidin-2""[All Fields] AND
biofilm[All Fields]"
3284,DRAMP02917,"Hepcidin (dogs, mammals,
animals)","""Hepcidin""[All Fields] AND
biofilm[All Fields]"
3285,DRAMP02918,Beta-defensin 1,"""Beta-defensin 1""[All Fields]
AND biofilm[All Fields]"
3322,DRAMP02976,"Beta-defensin 1 (BD-1;
Defensin, beta 1; pigs,
mammals, animals)","""Beta-defensin 1""[All Fields]
AND biofilm[All Fields]"
3325,DRAMP02979,"Hepcidin (pigs, mammals,
animals)","""Hepcidin""[All Fields] AND
biofilm[All Fields]"
3338,DRAMP02994,"Defensin-1 (Royalisin;
Insects, animals)","""Defensin-1""[All Fields] AND
biofilm[All Fields]"
3340,DRAMP03005,"Apidaecin (Insects,
animals)","""Apidaecin""[All Fields] AND
biofilm[All Fields]"
3341,DRAMP03006,"Defensin (Insects, animals)","""Defensin""[All Fields] AND
biofilm[All Fields]"
3345,DRAMP03016,"Defensin-1 (Insects,
animals)","""Defensin-1""[All Fields] AND
biofilm[All Fields]"
3348,DRAMP03023,"Mastoparan
(Protonectarina-MP;
Insects, animals)","""Mastoparan""[All Fields] AND
biofilm[All Fields]"
3370,DRAMP03074,"Cecropin (Insects, animals)","""Cecropin""[All Fields] AND
biofilm[All Fields]"
3371,DRAMP03076,"Cecropin-1 (Cecropin 1;
Insects, animals)","""Cecropin-1""[All Fields] AND
biofilm[All Fields]"
3374,DRAMP03079,"Cecropin-A1 (Insects,
animals)","""Cecropin-A1""[All Fields] AND
biofilm[All Fields]"
3375,DRAMP03080,"Cecropin-B (Insects,
animals)","""Cecropin-B""[All Fields] AND
biofilm[All Fields]"
3377,DRAMP03082,"Defensin (invertebrate
defensin; Insects, animals)","""Defensin""[All Fields] AND
biofilm[All Fields]"
3383,DRAMP03088,"Diptericin (Insects,
animals)","""Diptericin""[All Fields] AND
biofilm[All Fields]"
3386,DRAMP03093,"Drosomycin (Cys-rich;
insect defensins; Insects,
animals)","""Drosomycin""[All Fields] AND
biofilm[All Fields]"
3393,DRAMP03105,"Antifungal protein (AFP;
Insects, animals)","""Antifungal protein""[All Fields]
AND biofilm[All Fields]"
3400,DRAMP18223,Sonorensin(Bacteriocin),"""Sonorensin""[All Fields] AND
biofilm[All Fields]"
3407,DRAMP03123,"Cecropin-B (AgCecB;
Insects, animals)","""Cecropin-B""[All Fields] AND
biofilm[All Fields]"
3411,DRAMP03127,"Cecropin-A (Insects,
animals)","""Cecropin-A""[All Fields] AND
biofilm[All Fields]"
3415,DRAMP03131,"Cecropin-B (Insects,
animals)","""Cecropin-B""[All Fields] AND
biofilm[All Fields]"
3417,DRAMP03133,"Cecropin-A1 (AalCecA;
Cecropin-A; Insects,
animals)","""Cecropin-A1""[All Fields] AND
biofilm[All Fields]"
3426,DRAMP03145,Defensin,"""Defensin""[All Fields] AND
biofilm[All Fields]"
3427,DRAMP03146,Defensin,"""Defensin""[All Fields] AND
biofilm[All Fields]"
3429,DRAMP03148,Defensin,"""Defensin""[All Fields] AND
biofilm[All Fields]"
3440,DRAMP03161,"Beta-defensin 1 (BD-1;
Defensin, beta 1;
mammals, animals)","""Beta-defensin 1""[All Fields]
AND biofilm[All Fields]"
3445,DRAMP03168,"L-amino-acid oxidase (K-
LAO; LAAO; LAO; reptilia,
animals)","""L-amino-acid oxidase""[All
Fields] AND biofilm[All Fields]"
3461,DRAMP18221,Fusaricidin D (Bacteriocin),"""Fusaricidin D""[All Fields] AND
biofilm[All Fields]"
3465,DRAMP03199,"PhD1 (PhD-1; Defensin-1;
primates, mammals,
animals)","""PhD1""[All Fields] AND
biofilm[All Fields]"
3469,DRAMP18220,Fusaricidin C (Bacteriocin),"""Fusaricidin C""[All Fields] AND
biofilm[All Fields]"
3470,DRAMP18219,Fusaricidin B (Bacteriocin),"""Fusaricidin B""[All Fields] AND
biofilm[All Fields]"
3475,DRAMP18218,Fusaricidin A (Bacteriocin),"""Fusaricidin A""[All Fields] AND
biofilm[All Fields]"
3478,DRAMP18217,"Licheniocin
50.2(Bacteriocin)","""Licheniocin 50.2""[All Fields]
AND biofilm[All Fields]"
3514,DRAMP18213,Gramicidin S(Bacteriocin),"""Gramicidin S""[All Fields] AND
biofilm[All Fields]"
3527,DRAMP03284,"Beta-defensin (Birds,
animals)","""Beta-defensin""[All Fields] AND
biofilm[All Fields]"
3553,DRAMP03316,"Defensin (Insects, animals)","""Defensin""[All Fields] AND
biofilm[All Fields]"
3554,DRAMP03317,"Cathelicidin-related
antimicrobial peptide
(AMPs)","""Cathelicidin-related
antimicrobial peptide""[All Fields]
AND biofilm[All Fields]"
3600,DRAMP03364,"Hepcidin (mammals,
rodents, animals)","""Hepcidin""[All Fields] AND
biofilm[All Fields]"
3602,DRAMP03366,"Beta-defensin 1 (BD-1;
mBD-1; Defensin, beta 1;
Rodents, mammals,
animals)","""Beta-defensin 1""[All Fields]
AND biofilm[All Fields]"
3603,DRAMP03367,"Beta-defensin 2 (BD-2,
mBD-2; Defensin, beta 2;
Defb2; Rodents, mammals,
animals)","""Beta-defensin 2""[All Fields]
AND biofilm[All Fields]"
3604,DRAMP03368,"Beta-defensin 3 (BD-3,
mBD-3; Defensin, beta 3;
Rodents, mammals,
animals)","""Beta-defensin 3""[All Fields]
AND biofilm[All Fields]"
3644,DRAMP03412,Beta-defensin 2,"""Beta-defensin 2""[All Fields]
AND biofilm[All Fields]"
3650,DRAMP03418,"Hepcidin (mammals,
rodents, animals)","""Hepcidin""[All Fields] AND
biofilm[All Fields]"
3654,DRAMP03424,"Beta-defensin 1 (BD-1,
RBD-1; Defensin, beta 1;
Rodents, mammals,
animals)","""Beta-defensin 1""[All Fields]
AND biofilm[All Fields]"
3655,DRAMP03425,"Beta-defensin 3 (BD-3,
RBD-3; Defensin, beta 3;
Rodents, mammals,
animals)","""Beta-defensin 3""[All Fields]
AND biofilm[All Fields]"
3691,DRAMP03461,"Defensin 5 (Enteric
defensin; RD-5; Rodents,
mammals, animals)","""Defensin 5""[All Fields] AND
biofilm[All Fields]"
3696,DRAMP03470,"Defensin-1 (American
oyster defensin, AOD;
molluscs, animals)","""Defensin-1""[All Fields] AND
biofilm[All Fields]"
3714,DRAMP03494,"Cecropin (Insects, animals)","""Cecropin""[All Fields] AND
biofilm[All Fields]"
3716,DRAMP03496,"Cecropin-A (Insects,
animals)","""Cecropin-A""[All Fields] AND
biofilm[All Fields]"
3717,DRAMP03497,"Cecropin-B (Insects,
animals)","""Cecropin-B""[All Fields] AND
biofilm[All Fields]"
3727,DRAMP03509,"Cecropin-A (Insects,
animals)","""Cecropin-A""[All Fields] AND
biofilm[All Fields]"
3728,DRAMP03510,"Cecropin-A (Insects,
animals)","""Cecropin-A""[All Fields] AND
biofilm[All Fields]"
3729,DRAMP03511,"Cecropin-B (Immune
protein P9; Insects,
animals)","""Cecropin-B""[All Fields] AND
biofilm[All Fields]"
3731,DRAMP03522,"Gallerimycin (defensins;
Insects, animals)","""Gallerimycin""[All Fields] AND
biofilm[All Fields]"
3732,DRAMP03529,"Cecropin-A (Insects,
animals)","""Cecropin-A""[All Fields] AND
biofilm[All Fields]"
3733,DRAMP03530,"Cecropin-B (Lepidopteran-
A/B; Insects, animals)","""Cecropin-B""[All Fields] AND
biofilm[All Fields]"
3741,DRAMP03538,"Cecropin (Antibacterial
peptide CM-IV; Insects,
animals)","""Cecropin""[All Fields] AND
biofilm[All Fields]"
3742,DRAMP03554,"CCL20(1-67) (Human,
mammals, animals)","""CCL20""[All Fields] AND
biofilm[All Fields]"
3743,DRAMP03555,"CCL20(2-70) (Human,
mammals, animals)","""CCL20""[All Fields] AND
biofilm[All Fields]"
3745,DRAMP03557,"Granulysin (Lymphokine
LAG-2; Human, mammals,
animals)","""Granulysin""[All Fields] AND
biofilm[All Fields]"
3746,DRAMP03559,"CXCL10 (Human,
mammals, animals)","""CXCL10""[All Fields] AND
biofilm[All Fields]"
3753,DRAMP03576,"Histatin-1 (His-rich;
Human, mammals,
animals)","""Histatin-1""[All Fields] AND
biofilm[All Fields]"
3757,DRAMP03580,"His3-(20-43)-peptide
(Histatin 5; derivatives: Dh-
5; Clinical)","""His3-""[All Fields] AND
biofilm[All Fields]"
3803,DRAMP03635,"Human lactoferricin
(LfcinH; one chain of
Lactotransferrin; Human,
mammals, animals)","""Human lactoferricin""[All Fields]
AND biofilm[All Fields]"
3805,DRAMP03637,"Thaumatin-like protein
(Actc2)","""Thaumatin-like protein""[All
Fields] AND biofilm[All Fields]"
3826,DRAMP03664,"L-amino-acid oxidase
(LAAO, LAO, TM-LAO;
reptilia, animals)","""L-amino-acid oxidase""[All
Fields] AND biofilm[All Fields]"
3827,DRAMP03665,Lysozyme,"""Lysozyme""[All Fields] AND
biofilm[All Fields]"
3838,DRAMP03678,"Beta-defensin 1 (GBD-1;
Defensin, beta 1; ruminant,
animals)","""Beta-defensin 1""[All Fields]
AND biofilm[All Fields]"
3840,DRAMP03681,"L-amino-acid oxidase
(LAAO; OHAP-1)","""L-amino-acid oxidase""[All
Fields] AND biofilm[All Fields]"
3843,DRAMP03692,"Defensin-1 (Cll-dlp;
Arthropods, animals)","""Defensin-1""[All Fields] AND
biofilm[All Fields]"
3870,DRAMP03733,"Lysozyme (Arthropods,
animals)","""Lysozyme""[All Fields] AND
biofilm[All Fields]"
3899,DRAMP03779,"Antifungal protein (AFP;
Fungi)","""Antifungal protein""[All Fields]
AND biofilm[All Fields]"
3909,DRAMP03789,"ABF-1 (nematodes,
animals)","""ABF-1""[All Fields] AND
biofilm[All Fields]"
3958,DRAMP03926,"Cecropin B (1-7)-melittin (4-
11)hybrid peptide (CBM)","""Cecropin B""[All Fields] AND
biofilm[All Fields]"
3960,DRAMP03940,"Peptide 4 (Trp- and Arg-
rich; derivative of
Tritrpticin)","""Peptide 4""[All Fields] AND
biofilm[All Fields]"
3961,DRAMP03941,"Peptide 3 (Trp- and Arg-
rich; derivative of
Tritrpticin)","""Peptide 3""[All Fields] AND
biofilm[All Fields]"
3962,DRAMP03942,"Peptide 2 (Trp- and Arg-
rich; derivative of
Tritrpticin)","""Peptide 2""[All Fields] AND
biofilm[All Fields]"
3970,DRAMP03961,KR-12,"""KR-12""[All Fields] AND
biofilm[All Fields]"
3971,DRAMP03962,"Cecropin A(1-8)-Magainin
2(1-12)hybrid peptide
(CAMA)","""Cecropin A""[All Fields] AND
biofilm[All Fields]"
3972,DRAMP03963,"Cecropin A(1-8)-Magainin
2(1-12)hybrid peptide
analogue (P1)","""Cecropin A""[All Fields] AND
biofilm[All Fields]"
3973,DRAMP03964,"Cecropin A(1-8)-Magainin
2(1-12)hybrid peptide
analogue (P2)","""Cecropin A""[All Fields] AND
biofilm[All Fields]"
3974,DRAMP03965,"Cecropin A(1-8)-Magainin
2(1-12)hybrid peptide
analogue (P3)","""Cecropin A""[All Fields] AND
biofilm[All Fields]"
3975,DRAMP03966,"Cecropin A(1-8)-Magainin
2(1-12)hybrid peptide
analogue (P4)","""Cecropin A""[All Fields] AND
biofilm[All Fields]"
3982,DRAMP04018,Rp-1,"""Rp-1""[All Fields] AND
biofilm[All Fields]"
4009,DRAMP04148,Gramicidin S,"""Gramicidin S""[All Fields] AND
biofilm[All Fields]"
4022,DRAMP04197,Penetratin,"""Penetratin""[All Fields] AND
biofilm[All Fields]"
4035,DRAMP04210,ADP1,"""ADP1""[All Fields] AND
biofilm[All Fields]"
4038,DRAMP04213,BP100,"""BP100""[All Fields] AND
biofilm[All Fields]"
4043,DRAMP04218,Lys-a1,"""Lys-a1""[All Fields] AND
biofilm[All Fields]"
4052,DRAMP04227,PGG,"""PGG""[All Fields] AND
biofilm[All Fields]"
4053,DRAMP04228,PGP,"""PGP""[All Fields] AND
biofilm[All Fields]"
4055,DRAMP04230,PGAa,"""PGAa""[All Fields] AND
biofilm[All Fields]"
4061,DRAMP04245,Dhvar5,"""Dhvar5""[All Fields] AND
biofilm[All Fields]"
4062,DRAMP04246,Dhvar4,"""Dhvar4""[All Fields] AND
biofilm[All Fields]"
4067,DRAMP04251,WLBU2,"""WLBU2""[All Fields] AND
biofilm[All Fields]"
4070,DRAMP04254,Neuropeptide Y (NPY),"""Neuropeptide Y""[All Fields]
AND biofilm[All Fields]"
4071,DRAMP04255,Neuropeptide Y (NPY),"""Neuropeptide Y""[All Fields]
AND biofilm[All Fields]"
4076,DRAMP04260,CM-1,"""CM-1""[All Fields] AND
biofilm[All Fields]"
4077,DRAMP04261,CM-2,"""CM-2""[All Fields] AND
biofilm[All Fields]"
4078,DRAMP04262,CM-3,"""CM-3""[All Fields] AND
biofilm[All Fields]"
4079,DRAMP04263,CM-4,"""CM-4""[All Fields] AND
biofilm[All Fields]"
4090,DRAMP04280,CM1,"""CM1""[All Fields] AND
biofilm[All Fields]"
4091,DRAMP04281,CM2,"""CM2""[All Fields] AND
biofilm[All Fields]"
4092,DRAMP04282,CM3,"""CM3""[All Fields] AND
biofilm[All Fields]"
4093,DRAMP04283,CM4,"""CM4""[All Fields] AND
biofilm[All Fields]"
4094,DRAMP04284,CM5,"""CM5""[All Fields] AND
biofilm[All Fields]"
4105,DRAMP04295,MB-10,"""MB-10""[All Fields] AND
biofilm[All Fields]"
4126,DRAMP04316,MB-50,"""MB-50""[All Fields] AND
biofilm[All Fields]"
4127,DRAMP04317,DASamP1,"""DASamP1""[All Fields] AND
biofilm[All Fields]"
4128,DRAMP04318,DASamP2,"""DASamP2""[All Fields] AND
biofilm[All Fields]"
4157,DRAMP04347,Buforin,"""Buforin""[All Fields] AND
biofilm[All Fields]"
4166,DRAMP04356,CAD,"""CAD""[All Fields] AND
biofilm[All Fields]"
4168,DRAMP04358,CEMA(MBI-28),"""CEMA""[All Fields] AND
biofilm[All Fields]"
4176,DRAMP04398,Antifungal protein (PAF),"""Antifungal protein""[All Fields]
AND biofilm[All Fields]"
4190,DRAMP04412,Defensin,"""Defensin""[All Fields] AND
biofilm[All Fields]"
4192,DRAMP04414,Defensin 1 (Def1),"""Defensin 1""[All Fields] AND
biofilm[All Fields]"
4193,DRAMP04415,Defensin 2 (Def2),"""Defensin 2""[All Fields] AND
biofilm[All Fields]"
4194,DRAMP04416,Defensin 3 (Def3),"""Defensin 3""[All Fields] AND
biofilm[All Fields]"
4196,DRAMP04418,Defensin,"""Defensin""[All Fields] AND
biofilm[All Fields]"
4197,DRAMP04419,"Putative uncharacterized
protein","""Putative uncharacterized
protein""[All Fields] AND
biofilm[All Fields]"
4199,DRAMP04421,Defensin,"""Defensin""[All Fields] AND
biofilm[All Fields]"
4200,DRAMP04422,Defensin 1,"""Defensin 1""[All Fields] AND
biofilm[All Fields]"
4201,DRAMP04423,Defensin,"""Defensin""[All Fields] AND
biofilm[All Fields]"
4205,DRAMP04427,Beta defensin-2,"""Beta defensin-2""[All Fields]
AND biofilm[All Fields]"
4206,DRAMP04428,"Beta defensin 1 (Beta-
defensin-1)","""Beta defensin 1""[All Fields]
AND biofilm[All Fields]"
4207,DRAMP04429,Defensin,"""Defensin""[All Fields] AND
biofilm[All Fields]"
4210,DRAMP04432,Defensin 1,"""Defensin 1""[All Fields] AND
biofilm[All Fields]"
4211,DRAMP04433,Defensin 2,"""Defensin 2""[All Fields] AND
biofilm[All Fields]"
4213,DRAMP04436,"Beta defensin 1 (Beta-
defensin-1)","""Beta defensin 1""[All Fields]
AND biofilm[All Fields]"
4222,DRAMP04445,Lipid binding protein,"""Lipid binding protein""[All Fields]
AND biofilm[All Fields]"
4224,DRAMP04447,Defensin,"""Defensin""[All Fields] AND
biofilm[All Fields]"
4227,DRAMP04450,Defensin,"""Defensin""[All Fields] AND
biofilm[All Fields]"
4233,DRAMP04456,Defensin,"""Defensin""[All Fields] AND
biofilm[All Fields]"
4234,DRAMP04457,PDF1,"""PDF1""[All Fields] AND
biofilm[All Fields]"
4236,DRAMP04459,Defensin 1,"""Defensin 1""[All Fields] AND
biofilm[All Fields]"
4239,DRAMP04462,"Putative uncharacterized
protein","""Putative uncharacterized
protein""[All Fields] AND
biofilm[All Fields]"
4246,DRAMP04469,"Cecropin (Cecropin 1
(Cecropin A)","""Cecropin""[All Fields] AND
biofilm[All Fields]"
4251,DRAMP04474,Defensin (Spodoptericin),"""Defensin""[All Fields] AND
biofilm[All Fields]"
4253,DRAMP04476,"Beta defensin 1 (Beta-
defensin-1)","""Beta defensin 1""[All Fields]
AND biofilm[All Fields]"
4254,DRAMP04477,Beta defensin-2,"""Beta defensin-2""[All Fields]
AND biofilm[All Fields]"
4257,DRAMP04480,Alpha defensin,"""Alpha defensin""[All Fields]
AND biofilm[All Fields]"
4262,DRAMP04485,Retrocyclin,"""Retrocyclin""[All Fields] AND
biofilm[All Fields]"
4267,DRAMP04490,"Myeloid antimicrobial
peptide","""Myeloid antimicrobial
peptide""[All Fields] AND
biofilm[All Fields]"
4271,DRAMP04494,Defensin,"""Defensin""[All Fields] AND
biofilm[All Fields]"
4276,DRAMP04499,Hepcidin (Hepcidin type I),"""Hepcidin""[All Fields] AND
biofilm[All Fields]"
4306,DRAMP04533,P-113D,"""P-113D""[All Fields] AND
biofilm[All Fields]"
4312,DRAMP04539,PG-L,"""PG-L""[All Fields] AND
biofilm[All Fields]"
4325,DRAMP04558,C18,"""C18""[All Fields] AND biofilm[All
Fields]"
4358,DRAMP04591,CXCL14,"""CXCL14""[All Fields] AND biofilm[All Fields]"
4361,DRAMP04594,TCP,"""TCP""[All Fields] AND
biofilm[All Fields]"
4363,DRAMP04596,PuroA,"""PuroA""[All Fields] AND
biofilm[All Fields]"
4370,DRAMP04603,Pina-M,"""Pina-M""[All Fields] AND
biofilm[All Fields]"
4373,DRAMP04606,Hina,"""Hina""[All Fields] AND
biofilm[All Fields]"
4400,DRAMP04633,CPF-C1,"""CPF-C1""[All Fields] AND
biofilm[All Fields]"
4425,DRAMP04659,HPA3NT3,"""HPA3NT3""[All Fields] AND
biofilm[All Fields]"
4430,DRAMP04664,"HPA3NT3-A2 (HPA3NT3
peptide analogs)","""HPA3NT3-A2""[All Fields] AND
biofilm[All Fields]"
4432,DRAMP04667,Melt,"""Melt""[All Fields] AND
biofilm[All Fields]"
4433,DRAMP04668,Coprisin,"""Coprisin""[All Fields] AND
biofilm[All Fields]"
4436,DRAMP04673,Alamethicin (ALM; fungi),"""Alamethicin""[All Fields] AND
biofilm[All Fields]"
4442,DRAMP04683,NADPH oxidoreductase,"""NADPH oxidoreductase""[All
Fields] AND biofilm[All Fields]"
4500,DRAMP18415,"Con10 (scorpions,
arachnids, Chelicerata,
arthropods, invertebrates,
animals)","""Con10""[All Fields] AND
biofilm[All Fields]"
4502,DRAMP18417,"ToAP2 (scorpions,
arachnids, Chelicerata,
arthropods, invertebrates,
animals)","""ToAP2""[All Fields] AND
biofilm[All Fields]"
4534,DRAMP18457,"Tet213 (synthetic, Trp-rich,
Arg-rich)","""Tet213""[All Fields] AND
biofilm[All Fields]"
4535,DRAMP18458,"Melimine (a hybrid peptide
of melittin and protamine,
synthetic)","""Melimine""[All Fields] AND
biofilm[All Fields]"
4536,DRAMP18459,"hLF(1-11) (hLF1-11, first
11 residues, human
lactoferrin; synthetic)","""hLF""[All Fields] AND biofilm[All
Fields]"
4564,DRAMP03575,"LL-37(17-29) (C-terminal
fragment of LL-37, LL;
Human, mammals,
animals)","""LL-37""[All Fields] AND
biofilm[All Fields]"
4644,DRAMP18582,"CDT (Tachyplesin-1
peptide derivative)","""CDT""[All Fields] AND
biofilm[All Fields]"
4650,DRAMP18588,RTD,"""RTD""[All Fields] AND
biofilm[All Fields]"
4652,DRAMP18590,"DEP (Ctx-Ha peptide
derivative)","""DEP""[All Fields] AND
biofilm[All Fields]"
4653,DRAMP18591,"DEA (Ctx-Ha peptide
derivative)","""DEA""[All Fields] AND
biofilm[All Fields]"
4654,DRAMP18592,"Ctx(Ile21)-Ha (Ctx-Ha
peptide derivative)","""Ctx""[All Fields] AND biofilm[All
Fields]"
4655,DRAMP18593,"Ctx(Ile21)-Ha-VD16 (Ctx-
Ha peptide derivative)","""Ctx""[All Fields] AND biofilm[All
Fields]"
4656,DRAMP18594,"Ctx(Ile21)-Ha-VD5,16 (Ctx-
Ha peptide derivative)","""Ctx""[All Fields] AND biofilm[All
Fields]"
4657,DRAMP18595,"Ctx(Ile21)-Ha-I9K (Ctx-Ha
peptide derivative)","""Ctx""[All Fields] AND biofilm[All
Fields]"
4681,DRAMP18614,"TPA (Tritrpticin peptide
derivative)","""TPA""[All Fields] AND
biofilm[All Fields]"
4685,DRAMP18618,"SMAP-29(1-17) (SMAP-29
peptide derivative)","""SMAP-29""[All Fields] AND
biofilm[All Fields]"
4708,DRAMP18642,KCM12,"""KCM12""[All Fields] AND
biofilm[All Fields]"
4709,DRAMP18643,KCM21,"""KCM21""[All Fields] AND
biofilm[All Fields]"
4719,DRAMP18653,"Cm-p5 (Cm-p1 peptide
derivative)","""Cm-p5""[All Fields] AND
biofilm[All Fields]"
4723,DRAMP18657,"Chitinase (Bacteriocin;
Streptomyces
violaceusniger, Bacteria)","""Chitinase""[All Fields] AND
biofilm[All Fields]"
4731,DRAMP18665,"Mastoparan-L (MP-L;
insects, arthropods,
invertebrates, animals)","""Mastoparan-L""[All Fields] AND
biofilm[All Fields]"
4733,DRAMP18667,Pep-1,"""Pep-1""[All Fields] AND
biofilm[All Fields]"
4738,DRAMP18672,"Peptide 7
(Mollusca/molluscs/mollusk
s, invertebrates, animals)","""Peptide 7""[All Fields] AND
biofilm[All Fields]"
4739,DRAMP18673,"Peptide 3
(Mollusca/molluscs/mollusk
s, invertebrates, animals)","""Peptide 3""[All Fields] AND
biofilm[All Fields]"
4740,DRAMP18674,"Peptide 2
(Mollusca/molluscs/mollusk
s, invertebrates, animals)","""Peptide 2""[All Fields] AND
biofilm[All Fields]"
4741,DRAMP18675,"Peptide 4
(Mollusca/molluscs/mollusk
s, invertebrates, animals)","""Peptide 4""[All Fields] AND
biofilm[All Fields]"
4742,DRAMP18676,"Peptide 5
(Mollusca/molluscs/mollusk
s, invertebrates, animals)","""Peptide 5""[All Fields] AND
biofilm[All Fields]"
4744,DRAMP18678,"Peptide 8
(Mollusca/molluscs/mollusk
s, invertebrates, animals)","""Peptide 8""[All Fields] AND
biofilm[All Fields]"
4759,DRAMP18693,"Substance P (Mammals,
animals)","""Substance P""[All Fields] AND
biofilm[All Fields]"
4764,DRAMP18698,"Histone H2A (Trouts, fish,
animals)","""Histone H2A""[All Fields] AND
biofilm[All Fields]"
4774,DRAMP18708,"Dermaseptin-S4 (DRS-S4,
DS4; frog, amphibians,
animals)","""Dermaseptin-S4""[All Fields]
AND biofilm[All Fields]"
4775,DRAMP18709,"Mastoparan (MP; insects,
arthropods, invertebrates,
animals)","""Mastoparan""[All Fields] AND
biofilm[All Fields]"
4780,DRAMP18714,"Cathepsin G(1-5) (Human,
primates, mammals,
animals)","""Cathepsin G""[All Fields] AND
biofilm[All Fields]"
4781,DRAMP18715,"Cathepsin G(77-83)
(Human, primates,
mammals, animals)","""Cathepsin G""[All Fields] AND
biofilm[All Fields]"
4802,DRAMP00257,Bacteriocin,"""Bacteriocin""[All Fields] AND
biofilm[All Fields]"
4803,DRAMP00258,Lacticin Z (Bacteriocin),"""Lacticin Z""[All Fields] AND
biofilm[All Fields]"
4805,DRAMP00260,"Bacteriocin (Class IIa sec-
dependent bacteriocin)","""Bacteriocin""[All Fields] AND
biofilm[All Fields]"
4819,DRAMP02842,LfcinB(20-25),"""LfcinB""[All Fields] AND
biofilm[All Fields]"
4834,DRAMP02518,NA-CATH,"""NA-CATH""[All Fields] AND
biofilm[All Fields]"
4844,DRAMP20778,"Temporin-SHf
(frogs,amphibians,animals)","""Temporin-SHf""[All Fields] AND
biofilm[All Fields]"
4856,DRAMP20790,"Cecropin B (Insects,
arthropods, invertebrates,
animals)","""Cecropin B""[All Fields] AND
biofilm[All Fields]"
4857,DRAMP20791,"Cecropin A1 (insects,
arthropods, invertebrates,
animals)","""Cecropin A1""[All Fields] AND
biofilm[All Fields]"
4863,DRAMP20797,"Uperin 3.6 (Toad,
amphibians, animals)","""Uperin 3.6""[All Fields] AND
biofilm[All Fields]"
4869,DRAMP20803,moronecidin-like peptide,"""moronecidin-like peptide""[All
Fields] AND biofilm[All Fields]"
4886,DRAMP20820,FV7,"""FV7""[All Fields] AND biofilm[All
Fields]"
4887,DRAMP20821,"FV-LL (FV7 and LL(LL-
37,(17-29)) hybrid peptide)","""FV-LL""[All Fields] AND
biofilm[All Fields]"
4888,DRAMP20822,"FV-MA (FV7 and
MA(Magainin 2 (9-21))
hybrid peptide)","""FV-MA""[All Fields] AND
biofilm[All Fields]"
4889,DRAMP20823,"FV-CE (FV7 and
CE(Cecropin A (1","""FV-CE""[All Fields] AND
biofilm[All Fields]"
4893,DRAMP20827,TB_L1FK,"""TB_L1FK""[All Fields] AND
biofilm[All Fields]"
4894,DRAMP20828,TB_KKG6A,"""TB_KKG6A""[All Fields] AND
biofilm[All Fields]"
4898,DRAMP20834,PLS,"""PLS""[All Fields] AND biofilm[All
Fields]"
4935,DRAMP20874,Chensinin-1b,"""Chensinin-1b""[All Fields] AND
biofilm[All Fields]"
4944,DRAMP20883,Cath-A,"""Cath-A""[All Fields] AND
biofilm[All Fields]"
4966,DRAMP20905,dC4,"""dC4""[All Fields] AND biofilm[All
Fields]"
4968,DRAMP20907,dN4,"""dN4""[All Fields] AND biofilm[All
Fields]"
4974,DRAMP20913,Myxinidin (G1),"""Myxinidin""[All Fields] AND
biofilm[All Fields]"
4975,DRAMP20914,Myxinidin (I2),"""Myxinidin""[All Fields] AND
biofilm[All Fields]"
4976,DRAMP20915,Myxinidin (H3),"""Myxinidin""[All Fields] AND
biofilm[All Fields]"
4977,DRAMP20916,Myxinidin (D4),"""Myxinidin""[All Fields] AND
biofilm[All Fields]"
4978,DRAMP20917,Myxinidin (I5),"""Myxinidin""[All Fields] AND
biofilm[All Fields]"
4979,DRAMP20918,Myxinidin (L6),"""Myxinidin""[All Fields] AND
biofilm[All Fields]"
4980,DRAMP20919,Myxinidin (K7),"""Myxinidin""[All Fields] AND
biofilm[All Fields]"
4981,DRAMP20920,Myxinidin (Y8),"""Myxinidin""[All Fields] AND
biofilm[All Fields]"
4982,DRAMP20921,Myxinidin (G9),"""Myxinidin""[All Fields] AND
biofilm[All Fields]"
4983,DRAMP20922,Myxinidin (K10),"""Myxinidin""[All Fields] AND
biofilm[All Fields]"
4984,DRAMP20923,Myxinidin (P11),"""Myxinidin""[All Fields] AND
biofilm[All Fields]"
4985,DRAMP20924,Myxinidin (S12),"""Myxinidin""[All Fields] AND
biofilm[All Fields]"
4987,DRAMP20926,"IN1(designed based on
indolicidin and ranalexin)","""IN1""[All Fields] AND biofilm[All
Fields]"
4992,DRAMP20932,Hp1404,"""Hp1404""[All Fields] AND
biofilm[All Fields]"
5020,DRAMP20961,Hp1404-T1e,"""Hp1404-T1e""[All Fields] AND
biofilm[All Fields]"
5024,DRAMP20966,"andricin B (Andrias
davidianus, Amphibians,
Animals)","""andricin B""[All Fields] AND
biofilm[All Fields]"
5039,DRAMP20981,"CPF-C1 (Frogs,
Amphibians, Animals)","""CPF-C1""[All Fields] AND
biofilm[All Fields]"
5041,DRAMP20983,"CPF-2 (Derived from CPF-
C1)","""CPF-2""[All Fields] AND
biofilm[All Fields]"
5048,DRAMP20990,"CPF-9 (Derived from CPF-
C1)","""CPF-9""[All Fields] AND
biofilm[All Fields]"
5058,DRAMP21000,cGm (Derived from Gm),"""cGm""[All Fields] AND
biofilm[All Fields]"
5097,DRAMP21039,"analog 2 (Derived from Ib-
AMP2)","""analog 2""[All Fields] AND
biofilm[All Fields]"
5153,DRAMP21095,IR1 (Derived from PG-1),"""IR1""[All Fields] AND biofilm[All
Fields]"
5154,DRAMP21096,IR2 (Derived from PG-1),"""IR2""[All Fields] AND biofilm[All
Fields]"
5155,DRAMP21097,FR1 (Derived from PG-1),"""FR1""[All Fields] AND biofilm[All
Fields]"
5156,DRAMP21098,FR2 (Derived from PG-1),"""FR2""[All Fields] AND biofilm[All
Fields]"
5157,DRAMP21099,WR1 (Derived from PG-1),"""WR1""[All Fields] AND
biofilm[All Fields]"
5159,DRAMP21101,PR1 (Derived from PG-1),"""PR1""[All Fields] AND
biofilm[All Fields]"
5160,DRAMP21102,PR2 (Derived from PG-1),"""PR2""[All Fields] AND
biofilm[All Fields]"
5170,DRAMP21157,HYL-3 (Derived from HYL),"""HYL-3""[All Fields] AND
biofilm[All Fields]"
5173,DRAMP21154,"HYL (Bee, Insecta,
Animals)","""HYL""[All Fields] AND
biofilm[All Fields]"
5176,DRAMP21150,"KR-12-a5 (Derived from
KR-12)","""KR-12-a5""[All Fields] AND
biofilm[All Fields]"
5182,DRAMP21145,"Myxinidin3 (Derived from
Myxinidin)","""Myxinidin3""[All Fields] AND
biofilm[All Fields]"
5185,DRAMP21144,"Myxinidin2 (Derived from
Myxinidin)","""Myxinidin2""[All Fields] AND
biofilm[All Fields]"
5202,DRAMP21125,T9W (Derived from RI16),"""T9W""[All Fields] AND
biofilm[All Fields]"
5203,DRAMP21124,"RI16 (Derived from PMAP-
36)","""RI16""[All Fields] AND
biofilm[All Fields]"
5204,DRAMP21123,"KR-12-a5 (7-(D)L) (Derived
from LL-37)","""KR-12-a5""[All Fields] AND
biofilm[All Fields]"
5205,DRAMP21122,"KR-12-a5 (6-(D)L) (Derived
from LL-37)","""KR-12-a5""[All Fields] AND
biofilm[All Fields]"
5206,DRAMP21121,"KR-12-a5 (5-(D)K)
(Derived from LL-37)","""KR-12-a5""[All Fields] AND
biofilm[All Fields]"
5208,DRAMP21120,"KR-12-a5 (Derived from LL-
37)","""KR-12-a5""[All Fields] AND
biofilm[All Fields]"
5214,DRAMP21111,ASA (Derived from SLZP),"""ASA""[All Fields] AND
biofilm[All Fields]"
5216,DRAMP21113,PSA (Derived from SLZP),"""PSA""[All Fields] AND
biofilm[All Fields]"
5220,DRAMP21108,"Feleucin-K3 (Derived from
Feleucin-BO1)","""Feleucin-K3""[All Fields] AND
biofilm[All Fields]"
5231,DRAMP21225,STPk (Derived from STP),"""STPk""[All Fields] AND
biofilm[All Fields]"
5232,DRAMP21226,Ink (Derived from IN),"""Ink""[All Fields] AND biofilm[All
Fields]"
5234,DRAMP21224,TPk (Derived from TP),"""TPk""[All Fields] AND biofilm[All
Fields]"
5246,DRAMP21211,"AmyI-1-18 (N3L, G12R)
(Derived from AmyI-1-18)","""AmyI-1-18""[All Fields] AND
biofilm[All Fields]"
5247,DRAMP21208,"AmyI-1-18 (E9L) (Derived
from AmyI-1-18)","""AmyI-1-18""[All Fields] AND
biofilm[All Fields]"
5248,DRAMP21209,"AmyI-1-18 (E9L, G12R)
(Derived from AmyI-1-18)","""AmyI-1-18""[All Fields] AND
biofilm[All Fields]"
5249,DRAMP21205,"AmyI-1-18 (G12R)
(Derived from AmyI-1-18)","""AmyI-1-18""[All Fields] AND
biofilm[All Fields]"
5250,DRAMP21210,"AmyI-1-18 (N3L, E9L)
(Derived from AmyI-1-18)","""AmyI-1-18""[All Fields] AND
biofilm[All Fields]"
5251,DRAMP21207,"AmyI-1-18 (N3L) (Derived
from AmyI-1-18)","""AmyI-1-18""[All Fields] AND
biofilm[All Fields]"
5252,DRAMP21206,"AmyI-1-18 (D15R) (Derived
from AmyI-1-18)","""AmyI-1-18""[All Fields] AND
biofilm[All Fields]"
5253,DRAMP21204,"AmyI-1-18 (I11R) (Derived
from AmyI-1-18)","""AmyI-1-18""[All Fields] AND
biofilm[All Fields]"
5254,DRAMP21203,"AmyI-1-18 (Oryza sativa
L., Angiospermae, Plants)","""AmyI-1-18""[All Fields] AND
biofilm[All Fields]"
5268,DRAMP21189,"GW-Q4 (De novo
synthesis)","""GW-Q4""[All Fields] AND
biofilm[All Fields]"
5271,DRAMP21186,"WRL3 (Derived from
leucocin A)","""WRL3""[All Fields] AND
biofilm[All Fields]"
5276,DRAMP21181,"WR1 (Derived from
leucocin A)","""WR1""[All Fields] AND
biofilm[All Fields]"
5284,DRAMP21173,"HYL-20 (Derived from
HYL)","""HYL-20""[All Fields] AND
biofilm[All Fields]"
5293,DRAMP21240,"FK13-a7 (Derived from
FK13)","""FK13-a7""[All Fields] AND
biofilm[All Fields]"
5300,DRAMP21234,"FK13-a1 (Derived from
FK13)","""FK13-a1""[All Fields] AND
biofilm[All Fields]"
5307,DRAMP21249,"PVP (Derived from MP-B
and MP-VT1)","""PVP""[All Fields] AND
biofilm[All Fields]"
5308,DRAMP21250,"PV3 (Derived from pEM-2
and MP-VT1)","""PV3""[All Fields] AND biofilm[All
Fields]"
5313,DRAMP21255,WL1 (Derived from CP-1),"""WL1""[All Fields] AND
biofilm[All Fields]"
5316,DRAMP21258,"Cecropin P1 (CP-1)
(nematodes, animals)","""Cecropin P1""[All Fields] AND
biofilm[All Fields]"
5365,DRAMP21307,"TL-2 (Derived from
Temporin-2Tl (TL))","""TL-2""[All Fields] AND
biofilm[All Fields]"
5379,DRAMP21322,"RTV (Derived from PMAP-
36)","""RTV""[All Fields] AND
biofilm[All Fields]"
5380,DRAMP21323,"RTI (Derived from PMAP-
36)","""RTI""[All Fields] AND biofilm[All
Fields]"
5381,DRAMP21324,"RTF (Derived from PMAP-
36)","""RTF""[All Fields] AND
biofilm[All Fields]"
5382,DRAMP21325,"RTL (Derived from PMAP-
36)","""RTL""[All Fields] AND biofilm[All
Fields]"
5386,DRAMP21329,"RFR (Derived from PMAP-
36)","""RFR""[All Fields] AND
biofilm[All Fields]"
5390,DRAMP21333,"RVK (Derived from PMAP-
36)","""RVK""[All Fields] AND
biofilm[All Fields]"
5391,DRAMP21334,"Ranatuerin-2Pb (Frogs,
amphibians, animals)","""Ranatuerin-2Pb""[All Fields]
AND biofilm[All Fields]"
5392,DRAMP21335,"RPa (Frogs, amphibians,
animals)","""RPa""[All Fields] AND
biofilm[All Fields]"
5393,DRAMP21336,"RPb (Frogs, amphibians,
animals)","""RPb""[All Fields] AND
biofilm[All Fields]"
5394,DRAMP21337,"BMAP-27 (Bovine,
mammals, animals)","""BMAP-27""[All Fields] AND
biofilm[All Fields]"
5430,DRAMP21373,SP1 (De Novo Synthesis),"""SP1""[All Fields] AND biofilm[All
Fields]"
5431,DRAMP21374,SP2 (De Novo Synthesis),"""SP2""[All Fields] AND biofilm[All
Fields]"
5432,DRAMP21375,SP3 (De Novo Synthesis),"""SP3""[All Fields] AND biofilm[All
Fields]"
5433,DRAMP21376,SP4 (De Novo Synthesis),"""SP4""[All Fields] AND biofilm[All
Fields]"
5436,DRAMP21379,SP7 (De Novo Synthesis),"""SP7""[All Fields] AND biofilm[All
Fields]"
5437,DRAMP21380,SP8 (De Novo Synthesis),"""SP8""[All Fields] AND biofilm[All
Fields]"
5440,DRAMP21383,SP10 (De Novo Synthesis),"""SP10""[All Fields] AND
biofilm[All Fields]"
5441,DRAMP21384,SP11 (De Novo Synthesis),"""SP11""[All Fields] AND
biofilm[All Fields]"
5447,DRAMP21390,K17 (Derived from ATG16),"""K17""[All Fields] AND biofilm[All
Fields]"
5448,DRAMP21391,K18 (Derived from ATG16),"""K18""[All Fields] AND biofilm[All
Fields]"
5449,DRAMP21392,K22 (Derived from ATG16),"""K22""[All Fields] AND biofilm[All
Fields]"
5454,DRAMP21397,K36 (Derived from ATG16),"""K36""[All Fields] AND biofilm[All
Fields]"
5455,DRAMP21398,K46 (Derived from ATG16),"""K46""[All Fields] AND biofilm[All
Fields]"
5460,DRAMP21403,"peptide 1 (De Novo
Synthesis)","""peptide 1""[All Fields] AND
biofilm[All Fields]"
5461,DRAMP21404,"peptide 2 (De Novo
Synthesis)","""peptide 2""[All Fields] AND
biofilm[All Fields]"
5482,DRAMP21425,"peptide 2 (Derived from
B1)","""peptide 2""[All Fields] AND biofilm[All Fields]"
5483,DRAMP21426,,"""peptide 3""[All Fields] AND biofilm[All Fields]"
5484,DRAMP21427,,"""peptide 4""[All Fields] AND biofilm[All Fields]"
5485,DRAMP21428,,"""peptide 5""[All Fields] AND biofilm[All Fields]"
5487,DRAMP21430,,"""peptide 7""[All Fields] AND biofilm[All Fields]"
5488,DRAMP21431,,"""peptide 8""[All Fields] AND biofilm[All Fields]"
5490,DRAMP21433,,"""peptide 10""[All Fields] AND biofilm[All Fields]"
5495,DRAMP21438,,"""peptide 15""[All Fields] AND biofilm[All Fields]"
5497,DRAMP21440,,"""peptide 17""[All Fields] AND biofilm[All Fields]"
5501,DRAMP21444,,"""peptide 21""[All Fields] AND biofilm[All Fields]"
5509,DRAMP21452,,"""peptide 29""[All Fields] AND biofilm[All Fields]"
5510,DRAMP21453,,"""Hybrid""[All Fields] AND biofilm[All Fields]"
5510,DRAMP21453,"Hybrid (Derived from
Melittin and thanatin)","""Hybrid""[All Fields] AND
biofilm[All Fields]"
5512,DRAMP21455,"PLP2 (Insects, animals)","""PLP2""[All Fields] AND
biofilm[All Fields]"
5526,DRAMP21577,LP1,"""LP1""[All Fields] AND biofilm[All
Fields]"
5527,DRAMP21481,6K-F17,"""6K-F17""[All Fields] AND
biofilm[All Fields]"
5541,DRAMP21622,MAP-1,"""MAP-1""[All Fields] AND
biofilm[All Fields]"
